Player,Team
Precious Achiuwa,New York Knicks
Steven Adams,Houston Rockets
Bam Adebayo,Miami Heat
Ochai Agbaji,Toronto Raptors
Santi Aldama,Memphis Grizzlies
Trey Alexander,Denver Nuggets
Nickeil Alexander-Walker,Minnesota Timberwolves
Grayson Allen,Phoenix Suns
Jarrett Allen,Cleveland Cavaliers
Jose Alvarado,New Orleans Pelicans
Kyle Anderson,Golden State Warriors
Giannis Antetokounmpo,Milwaukee Bucks
Cole Anthony,Orlando Magic
OG Anunoby,New York Knicks
Deni Avdija,Portland Trail Blazers
Deandre Ayton,Portland Trail Blazers
Marvin Bagley III,Washington Wizards
Patrick Baldwin Jr.,Washington Wizards
LaMelo Ball,Charlotte Hornets
Lonzo Ball,Chicago Bulls
Mohamed Bamba,Los Angeles Clippers
Paolo Banchero,Orlando Magic
Desmond Bane,Memphis Grizzlies
Dalano Banton,Portland Trail Blazers
Dominick Barlow,Atlanta Hawks
Harrison Barnes,San Antonio Spurs
Scottie Barnes,Toronto Raptors
R.J. Barrett,Toronto Raptors
Charles Bassey,San Antonio Spurs
Emoni Bates,Cleveland Cavaliers
Jamison Battle,Toronto Raptors
Nicolas Batum,Los Angeles Clippers
Bradley Beal,Phoenix Suns
Malik Beasley,Detroit Pistons
MarJon Beauchamp,Milwaukee Bucks
Reece Beekman,Golden State Warriors
Saddiq Bey,Washington Wizards
Goga Bitadze,Orlando Magic
Anthony Black,Orlando Magic
Bogdan Bogdanovic,Atlanta Hawks
Bojan Bogdanovic,Brooklyn Nets
Bol Bol,Phoenix Suns
Adem Bona,Philadelphia Sixers
Devin Booker,Phoenix Suns
B.J. Boston Jr.,New Orleans Pelicans
Chris Boucher,Toronto Raptors
Malaki Branham,San Antonio Spurs
Christian Braun,Denver Nuggets
Jalen Bridges,Phoenix Suns
Mikal Bridges,New York Knicks
Miles Bridges,Charlotte Hornets
Malcolm Brogdon,Washington Wizards
Dillon Brooks,Houston Rockets
Jaylen Brown,Boston Celtics
Bruce Brown Jr.,Toronto Raptors
Kobe Brown,Los Angeles Clippers
Jalen Brunson,New York Knicks
Thomas Bryant,Miami Heat
Kobe Bufkin,Atlanta Hawks
Alec Burks,Miami Heat
Jared Butler,Washington Wizards
Jimmy Butler,Miami Heat
Matas Buzelis,Chicago Bulls
Jamal Cain,New Orleans Pelicans
Kentavious Caldwell-Pope,Orlando Magic
Toumani Camara,Portland Trail Blazers
Vlatko Cancar,Denver Nuggets
Clint Capela,Atlanta Hawks
Bub Carrington,Washington Wizards
Devin Carter,Sacramento Kings
Jevon Carter,Chicago Bulls
Wendell Carter Jr.,Orlando Magic
D.J. Carton,Toronto Raptors
Alex Caruso,Oklahoma City Thunder
Stephon Castle,San Antonio Spurs
Julian Champagnie,San Antonio Spurs
Justin Champagnie,Washington Wizards
Ulrich Chomche,Toronto Raptors
Cameron Christie,Los Angeles Clippers
Max Christie,Los Angeles Lakers
Josh Christopher,Miami Heat
Sidy Cissoko,San Antonio Spurs
Jaylen Clark,Minnesota Timberwolves
Brandon Clarke,Memphis Grizzlies
Jordan Clarkson,Utah Jazz
Nicolas Claxton,Brooklyn Nets
Donovan Clingan,Portland Trail Blazers
Noah Clowney,Brooklyn Nets
Amir Coffey,Los Angeles Clippers
Isaiah Collier,Utah Jazz
John Collins,Utah Jazz
Zach Collins,San Antonio Spurs
Mike Conley,Minnesota Timberwolves
Pat Connaughton,Milwaukee Bucks
Bilal Coulibaly,Washington Wizards
Ricky Council IV,Philadelphia Sixers
Torrey Craig,Chicago Bulls
Isaiah Crawford,Sacramento Kings
Cade Cunningham,Detroit Pistons
Seth Curry,Charlotte Hornets
Stephen Curry,Golden State Warriors
Tristan Da Silva,Orlando Magic
Pacome Dadiet,New York Knicks
Dyson Daniels,Atlanta Hawks
N'Faly Dante,Houston Rockets
Anthony Davis,Los Angeles Lakers
Johnny Davis,Washington Wizards
J.D. Davison,Boston Celtics
DeMar DeRozan,Sacramento Kings
Donte DiVincenzo,Minnesota Timberwolves
Moussa Diabate,Charlotte Hornets
Gradey Dick,Toronto Raptors
Ousmane Dieng,Oklahoma City Thunder
Rob Dillingham,Minnesota Timberwolves
Spencer Dinwiddie,Dallas Mavericks
Luka Doncic,Dallas Mavericks
Luguentz Dort,Oklahoma City Thunder
Ayo Dosunmu,Chicago Bulls
Jeff Dowtin,Philadelphia Sixers
P.J. Dozier,Minnesota Timberwolves
Andre Drummond,Philadelphia Sixers
Chris Duarte,Chicago Bulls
Alex Ducas,Oklahoma City Thunder
David Duke,San Antonio Spurs
Kris Dunn,Los Angeles Clippers
Ryan Dunn,Phoenix Suns
Kevin Durant,Phoenix Suns
Jalen Duren,Detroit Pistons
Tari Eason,Houston Rockets
Zach Edey,Memphis Grizzlies
Anthony Edwards,Minnesota Timberwolves
Jesse Edwards,Minnesota Timberwolves
Justin Edwards,Philadelphia Sixers
Kessler Edwards,Dallas Mavericks
Keon Ellis,Sacramento Kings
Joel Embiid,Philadelphia Sixers
Drew Eubanks,Utah Jazz
Dante Exum,Dallas Mavericks
Bruno Fernando,Toronto Raptors
Kyle Filipowski,Utah Jazz
Dorian Finney-Smith,Brooklyn Nets
Adam Flagler,Oklahoma City Thunder
Trentyn Flowers,Los Angeles Clippers
Simone Fontecchio,Detroit Pistons
De'Aaron Fox,Sacramento Kings
Enrique Freeman,Indiana Pacers
Johnny Furphy,Indiana Pacers
Daniel Gafford,Dallas Mavericks
Darius Garland,Cleveland Cavaliers
Luka Garza,Minnesota Timberwolves
Keyonte George,Utah Jazz
Kyshawn George,Washington Wizards
Paul George,Philadelphia Sixers
Taj Gibson,Charlotte Hornets
Josh Giddey,Chicago Bulls
Shai Gilgeous-Alexander,Oklahoma City Thunder
Anthony Gill,Washington Wizards
Collin Gillespie,Phoenix Suns
Rudy Gobert,Minnesota Timberwolves
Aaron Gordon,Denver Nuggets
Eric Gordon,Philadelphia Sixers
Jazian Gortman,Dallas Mavericks
Jerami Grant,Portland Trail Blazers
A.J. Green,Milwaukee Bucks
Draymond Green,Golden State Warriors
Jalen Green,Houston Rockets
Javonte Green,New Orleans Pelicans
Jeff Green,Houston Rockets
Josh Green,Charlotte Hornets
Quentin Grimes,Dallas Mavericks
Mouhamed Gueye,Atlanta Hawks
Rui Hachimura,Los Angeles Lakers
Tyrese Haliburton,Indiana Pacers
P.J. Hall,Denver Nuggets
Tim Hardaway Jr.,Detroit Pistons
James Harden,Los Angeles Clippers
Jaden Hardy,Dallas Mavericks
Gary Harris,Orlando Magic
Tobias Harris,Detroit Pistons
Josh Hart,New York Knicks
Isaiah Hartenstein,Oklahoma City Thunder
Sam Hauser,Boston Celtics
Jordan Hawkins,New Orleans Pelicans
Jaxson Hayes,Los Angeles Lakers
Scoot Henderson,Portland Trail Blazers
Taylor Hendricks,Utah Jazz
Tyler Herro,Miami Heat
Buddy Hield,Golden State Warriors
Haywood Highsmith,Miami Heat
Aaron Holiday,Houston Rockets
Jrue Holiday,Boston Celtics
Ron Holland,Detroit Pistons
DaRon Holmes II,Denver Nuggets
Richaun Holmes,Washington Wizards
Chet Holmgren,Oklahoma City Thunder
Jalen Hood-Schifino,Los Angeles Lakers
Al Horford,Boston Celtics
Talen Horton-Tucker,Chicago Bulls
Caleb Houstan,Orlando Magic
Jett Howard,Orlando Magic
Kevin Huerter,Sacramento Kings
James Huff,Memphis Grizzlies
Ariel Hukporti,New York Knicks
De'Andre Hunter,Atlanta Hawks
Bones Hyland,Los Angeles Clippers
Oso Ighodaro,Phoenix Suns
Joe Ingles,Minnesota Timberwolves
Brandon Ingram,New Orleans Pelicans
Harrison Ingram,San Antonio Spurs
Kyrie Irving,Dallas Mavericks
Jonathan Isaac,Orlando Magic
Jaden Ivey,Detroit Pistons
G.G. Jackson,Memphis Grizzlies
Isaiah Jackson,Indiana Pacers
Andre Jackson Jr.,Milwaukee Bucks
Jaren Jackson Jr.,Memphis Grizzlies
Quenton Jackson,Indiana Pacers
Reggie Jackson,Philadelphia Sixers
Trayce Jackson-Davis,Golden State Warriors
Bronny James,Los Angeles Lakers
LeBron James,Los Angeles Lakers
Jaime Jaquez Jr.,Miami Heat
DaQuan Jeffries,Charlotte Hornets
Trey Jemison,New Orleans Pelicans
Daniss Jenkins,Detroit Pistons
Ty Jerome,Cleveland Cavaliers
Isaiah Joe,Oklahoma City Thunder
A.J. Johnson,Milwaukee Bucks
Cameron Johnson,Brooklyn Nets
Jalen Johnson,Atlanta Hawks
James Johnson,Indiana Pacers
Keldon Johnson,San Antonio Spurs
Keon Johnson,Brooklyn Nets
Keshad Johnson,Miami Heat
Nikola Jokic,Denver Nuggets
Colby Jones,Sacramento Kings
Derrick Jones,Los Angeles Clippers
Dillon Jones,Oklahoma City Thunder
Herb Jones,New Orleans Pelicans
Isaac Jones,Sacramento Kings
Kai Jones,Los Angeles Clippers
Mason Jones,Sacramento Kings
Spencer Jones,Denver Nuggets
Tre Jones,San Antonio Spurs
Tyus Jones,Phoenix Suns
DeAndre Jordan,Denver Nuggets
Cory Joseph,Orlando Magic
Nikola Jovic,Miami Heat
Johnny Juzang,Utah Jazz
Yuki Kawamura,Memphis Grizzlies
Luke Kennard,Memphis Grizzlies
Walker Kessler,Utah Jazz
Corey Kispert,Washington Wizards
Maxi Kleber,Dallas Mavericks
Bobi Klintman,Detroit Pistons
Dalton Knecht,Los Angeles Lakers
Tyler Kolek,New York Knicks
Christian Koloko,Los Angeles Lakers
John Konchar,Memphis Grizzlies
Luke Kornet,Boston Celtics
Vit Krejci,Atlanta Hawks
Jonathan Kuminga,Golden State Warriors
Kyle Kuzma,Washington Wizards
Jake LaRavia,Memphis Grizzlies
Zach LaVine,Chicago Bulls
Jock Landale,Houston Rockets
Pelle Larsson,Miami Heat
Caris LeVert,Cleveland Cavaliers
Damion Lee,Phoenix Suns
Alex Len,Sacramento Kings
Kawhi Leonard,Los Angeles Clippers
Maxwell Lewis,Los Angeles Lakers
E.J. Liddell,Chicago Bulls
Damian Lillard,Milwaukee Bucks
Dereck Lively II,Dallas Mavericks
Chris Livingston,Milwaukee Bucks
Kevon Looney,Golden State Warriors
Brook Lopez,Milwaukee Bucks
Kevin Love,Miami Heat
Kyle Lowry,Philadelphia Sixers
Seth Lundy,Atlanta Hawks
Trey Lyles,Sacramento Kings
Sandro Mamukelashvili,San Antonio Spurs
Terance Mann,Los Angeles Clippers
Tre Mann,Charlotte Hornets
Lauri Markkanen,Utah Jazz
Naji Marshall,Dallas Mavericks
Caleb Martin,Philadelphia Sixers
Cody Martin,Charlotte Hornets
Jaylen Martin,Brooklyn Nets
K.J. Martin,Philadelphia Sixers
Tyrese Martin,Brooklyn Nets
Garrison Mathews,Atlanta Hawks
Bennedict Mathurin,Indiana Pacers
Karlo Matkovic,New Orleans Pelicans
Tyrese Maxey,Philadelphia Sixers
Miles McBride,New York Knicks
Jared McCain,Philadelphia Sixers
Mac McClung,Orlando Magic
C.J. McCollum,New Orleans Pelicans
T.J. McConnell,Indiana Pacers
Kevin McCullar Jr.,New York Knicks
Jaden McDaniels,Minnesota Timberwolves
Doug McDermott,Sacramento Kings
Bryce McGowens,Portland Trail Blazers
Jordan McLaughlin,Sacramento Kings
Jack McVeigh,Houston Rockets
De'Anthony Melton,Golden State Warriors
Sam Merrill,Cleveland Cavaliers
Vasilije Micic,Charlotte Hornets
Khris Middleton,Milwaukee Bucks
Brandon Miller,Charlotte Hornets
Jordan Miller,Los Angeles Clippers
Leonard Miller,Minnesota Timberwolves
Patty Mills,Utah Jazz
Shake Milton,Brooklyn Nets
Justin Minaya,Portland Trail Blazers
Riley Minix,San Antonio Spurs
Josh Minott,Minnesota Timberwolves
Yves Missi,New Orleans Pelicans
Ajay Mitchell,Oklahoma City Thunder
Davion Mitchell,Toronto Raptors
Donovan Mitchell,Cleveland Cavaliers
Evan Mobley,Cleveland Cavaliers
Jonathan Mogbo,Toronto Raptors
Malik Monk,Sacramento Kings
Moses Moody,Golden State Warriors
Wendell Moore Jr.,Detroit Pistons
Taze Moore,Portland Trail Blazers
Ja Morant,Memphis Grizzlies
Markieff Morris,Dallas Mavericks
Monte Morris,Phoenix Suns
Trey Murphy III,New Orleans Pelicans
Dejounte Murray,New Orleans Pelicans
Jamal Murray,Denver Nuggets
Keegan Murray,Sacramento Kings
Kris Murray,Portland Trail Blazers
Svi Mykhailiuk,Utah Jazz
Larry Nance Jr.,Atlanta Hawks
Andrew Nembhard,Indiana Pacers
Aaron Nesmith,Indiana Pacers
Tristen Newton,Indiana Pacers
Georges Niang,Cleveland Cavaliers
Daishen Nix,Minnesota Timberwolves
Zeke Nnaji,Denver Nuggets
Jusuf Nurkic,Phoenix Suns
Royce O'Neale,Phoenix Suns
Josh Okogie,Phoenix Suns
Onyeka Okongwu,Atlanta Hawks
Isaac Okoro,Cleveland Cavaliers
Quincy Olivari,Los Angeles Lakers
Kelly Olynyk,Toronto Raptors
Kelly Oubre Jr.,Philadelphia Sixers
Chris Paul,San Antonio Spurs
Cameron Payne,New York Knicks
Gary Payton II,Golden State Warriors
Drew Peterson,Boston Celtics
Julian Phillips,Chicago Bulls
Jalen Pickett,Denver Nuggets
Scotty Pippen Jr.,Memphis Grizzlies
Mason Plumlee,Phoenix Suns
Brandin Podziemski,Golden State Warriors
Jakob Poeltl,Toronto Raptors
Jordan Poole,Washington Wizards
Craig Porter Jr.,Cleveland Cavaliers
Kevin Porter Jr.,Los Angeles Clippers
Michael Porter Jr.,Denver Nuggets
Bobby Portis,Milwaukee Bucks
Kristaps Porzingis,Boston Celtics
Quinten Post,Golden State Warriors
Micah Potter,Utah Jazz
Dwight Powell,Dallas Mavericks
Norman Powell,Los Angeles Clippers
Jason Preston,Utah Jazz
Taurean Prince,Milwaukee Bucks
Payton Pritchard,Boston Celtics
Olivier-Maxence Prosper,Dallas Mavericks
Trevelin Queen,Orlando Magic
Neemias Queta,Boston Celtics
Immanuel Quickley,Toronto Raptors
Lester Quinones,Philadelphia Sixers
Julius Randle,Minnesota Timberwolves
Duop Reath,Portland Trail Blazers
Austin Reaves,Los Angeles Lakers
Cam Reddish,Los Angeles Lakers
Paul Reed Jr.,Detroit Pistons
Alex Reese,Oklahoma City Thunder
Antonio Reeves,New Orleans Pelicans
Naz Reid,Minnesota Timberwolves
Jared Rhoden,Charlotte Hornets
Nick Richards,Charlotte Hornets
Josh Richardson,Miami Heat
Zaccharie Risacher,Atlanta Hawks
Liam Robbins,Milwaukee Bucks
Duncan Robinson,Miami Heat
Mitchell Robinson,New York Knicks
Orlando Robinson,Sacramento Kings
Jeremiah Robinson-Earl,New Orleans Pelicans
David Roddy,Atlanta Hawks
Ryan Rollins,Milwaukee Bucks
Terry Rozier,Miami Heat
Rayan Rupert,Portland Trail Blazers
D'Angelo Russell,Los Angeles Lakers
Domantas Sabonis,Sacramento Kings
Tidjane Salaun,Charlotte Hornets
Adama Sanogo,Chicago Bulls
Gui Santos,Golden State Warriors
Dario Saric,Denver Nuggets
Alex Sarr,Washington Wizards
Marcus Sasser,Detroit Pistons
Baylor Scheierman,Boston Celtics
Dennis Schroder,Brooklyn Nets
Alperen Sengun,Houston Rockets
Brice Sensabaugh,Utah Jazz
Collin Sexton,Utah Jazz
Terrence Shannon Jr.,Minnesota Timberwolves
Day'Ron Sharpe,Brooklyn Nets
Shaedon Sharpe,Portland Trail Blazers
Jamal Shead,Toronto Raptors
Ben Sheppard,Indiana Pacers
Reed Sheppard,Houston Rockets
Pascal Siakam,Indiana Pacers
Ben Simmons,Brooklyn Nets
Anfernee Simons,Portland Trail Blazers
K.J. Simpson,Charlotte Hornets
Jericho Sims,New York Knicks
Marcus Smart,Memphis Grizzlies
Dru Smith,Miami Heat
Jalen Smith,Chicago Bulls
Jabari Smith Jr.,Houston Rockets
Nick Smith Jr.,Charlotte Hornets
Tyler Smith,Milwaukee Bucks
Jeremy Sochan,San Antonio Spurs
Cam Spencer,Memphis Grizzlies
Pat Spencer,Golden State Warriors
Jaden Springer,Boston Celtics
D.J. Steward,Chicago Bulls
Isaiah Stewart II,Detroit Pistons
Julian Strawther,Denver Nuggets
Max Strus,Cleveland Cavaliers
Jalen Suggs,Orlando Magic
Cole Swider,Detroit Pistons
Jae'sean Tate,Houston Rockets
Jayson Tatum,Boston Celtics
Garrett Temple,Toronto Raptors
Dalen Terry,Chicago Bulls
Daniel Theis,New Orleans Pelicans
Cam Thomas,Brooklyn Nets
Amen Thompson,Houston Rockets
Ausar Thompson,Detroit Pistons
Klay Thompson,Dallas Mavericks
Tristan Thompson,Cleveland Cavaliers
J.T. Thor,Cleveland Cavaliers
Matisse Thybulle,Portland Trail Blazers
Xavier Tillman Sr,Boston Celtics
Nikola Topic,Oklahoma City Thunder
Jacob Toppin,New York Knicks
Obi Toppin,Indiana Pacers
Karl-Anthony Towns,New York Knicks
Armel Traore,Los Angeles Lakers
Luke Travers,Cleveland Cavaliers
Gary Trent Jr.,Milwaukee Bucks
Oscar Tshiebwe,Utah Jazz
P.J. Tucker,Los Angeles Clippers
Myles Turner,Indiana Pacers
Hunter Tyson,Denver Nuggets
Jaylon Tyson,Cleveland Cavaliers
Stanley Umude,Milwaukee Bucks
Jonas Valanciunas,Washington Wizards
Fred VanVleet,Houston Rockets
Jarred Vanderbilt,Los Angeles Lakers
Devin Vassell,San Antonio Spurs
Gabe Vincent,Los Angeles Lakers
Nikola Vucevic,Chicago Bulls
Tristan Vukcevic,Washington Wizards
Dean Wade,Cleveland Cavaliers
Franz Wagner,Orlando Magic
Moe Wagner,Orlando Magic
Jabari Walker,Portland Trail Blazers
Jarace Walker,Indiana Pacers
Cason Wallace,Oklahoma City Thunder
Keaton Wallace,Atlanta Hawks
Jordan Walsh,Boston Celtics
Ja'Kobe Walter,Toronto Raptors
Kel'el Ware,Miami Heat
TyTy Washington Jr.,Phoenix Suns
P.J. Washington,Dallas Mavericks
Lindy Waters III,Golden State Warriors
Trendon Watford,Brooklyn Nets
Anton Watson,Boston Celtics
Peyton Watson,Denver Nuggets
Jaylen Wells,Memphis Grizzlies
Victor Wembanyama,San Antonio Spurs
Blake Wesley,San Antonio Spurs
Russell Westbrook,Denver Nuggets
Coby White,Chicago Bulls
Derrick White,Boston Celtics
Dariq Whitehead,Brooklyn Nets
Cam Whitmore,Houston Rockets
Aaron Wiggins,Oklahoma City Thunder
Andrew Wiggins,Golden State Warriors
Alondes Williams,Detroit Pistons
Brandon Williams,Dallas Mavericks
Cody Williams,Utah Jazz
Grant Williams,Charlotte Hornets
Jalen Williams,Oklahoma City Thunder
Jaylin Williams,Oklahoma City Thunder
Nate Williams Jr.,Houston Rockets
Vincent Williams Jr.,Memphis Grizzlies
Kenrich Williams,Oklahoma City Thunder
Mark Williams,Charlotte Hornets
Patrick Williams,Chicago Bulls
Robert Williams,Portland Trail Blazers
Ziaire Williams,Brooklyn Nets
Zion Williamson,New Orleans Pelicans
Jalen Wilson,Brooklyn Nets
James Wiseman,Indiana Pacers
Christian Wood,Los Angeles Lakers
Delon Wright,Milwaukee Bucks
Guerschon Yabusele,Philadelphia Sixers
Cui Yongxi,Brooklyn Nets
Trae Young,Atlanta Hawks
Cody Zeller,Atlanta Hawks
Ivica Zubac,Los Angeles Clippers
